[{"model": "admin.logentry", "pk": 1, "fields": {"action_time": "2022-06-19T14:21:01.877Z", "user": 1, "content_type": 7, "object_id": "1", "object_repr": "venturepress.example.com", "action_flag": 2, "change_message": "[{\"changed\": {\"fields\": [\"Domain name\", \"Display name\"]}}]"}}, {"model": "admin.logentry", "pk": 2, "fields": {"action_time": "2022-06-20T12:33:57.705Z", "user": 1, "content_type": 13, "object_id": "1", "object_repr": "stationery", "action_flag": 1, "change_message": "[{\"added\": {}}]"}}, {"model": "admin.logentry", "pk": 3, "fields": {"action_time": "2022-06-20T12:34:10.383Z", "user": 1, "content_type": 13, "object_id": "2", "object_repr": "advertising", "action_flag": 1, "change_message": "[{\"added\": {}}]"}}, {"model": "admin.logentry", "pk": 4, "fields": {"action_time": "2022-06-20T12:34:21.704Z", "user": 1, "content_type": 13, "object_id": "3", "object_repr": "textiles", "action_flag": 1, "change_message": "[{\"added\": {}}]"}}, {"model": "admin.logentry", "pk": 5, "fields": {"action_time": "2022-06-20T12:51:20.524Z", "user": 1, "content_type": 14, "object_id": "1", "object_repr": "Letterheads", "action_flag": 1, "change_message": "[{\"added\": {}}]"}}, {"model": "admin.logentry", "pk": 6, "fields": {"action_time": "2022-06-20T14:10:08.374Z", "user": 1, "content_type": 14, "object_id": "2", "object_repr": "Business Cards", "action_flag": 1, "change_message": "[{\"added\": {}}]"}}, {"model": "admin.logentry", "pk": 7, "fields": {"action_time": "2022-06-20T14:24:14.461Z", "user": 1, "content_type": 14, "object_id": "3", "object_repr": "Compliment Slips", "action_flag": 1, "change_message": "[{\"added\": {}}]"}}, {"model": "admin.logentry", "pk": 8, "fields": {"action_time": "2022-06-20T20:37:26.609Z", "user": 1, "content_type": 14, "object_id": "4", "object_repr": "Testing", "action_flag": 1, "change_message": "[{\"added\": {}}]"}}, {"model": "admin.logentry", "pk": 9, "fields": {"action_time": "2022-06-20T21:05:52.974Z", "user": 1, "content_type": 14, "object_id": "4", "object_repr": "Testing", "action_flag": 2, "change_message": "[{\"changed\": {\"fields\": [\"Category\"]}}]"}}, {"model": "admin.logentry", "pk": 10, "fields": {"action_time": "2022-06-21T17:57:21.976Z", "user": 1, "content_type": 15, "object_id": "1", "object_repr": "9EDF0D1097D04F8AA21E8E4620BC3E24", "action_flag": 1, "change_message": "[{\"added\": {}}, {\"added\": {\"name\": \"order line item\", \"object\": \"SKU 1 on order 9EDF0D1097D04F8AA21E8E4620BC3E24\"}}]"}}, {"model": "admin.logentry", "pk": 11, "fields": {"action_time": "2022-06-21T17:57:34.580Z", "user": 1, "content_type": 15, "object_id": "1", "object_repr": "9EDF0D1097D04F8AA21E8E4620BC3E24", "action_flag": 2, "change_message": "[{\"changed\": {\"name\": \"order line item\", \"object\": \"SKU 1 on order 9EDF0D1097D04F8AA21E8E4620BC3E24\", \"fields\": [\"Quantity\"]}}]"}}, {"model": "admin.logentry", "pk": 12, "fields": {"action_time": "2022-06-29T14:45:23.398Z", "user": 1, "content_type": 15, "object_id": "7", "object_repr": "73AF484345B24524B545C64EFFD724CC", "action_flag": 2, "change_message": "[{\"changed\": {\"name\": \"order line item\", \"object\": \"SKU 1 on order 73AF484345B24524B545C64EFFD724CC\", \"fields\": [\"Quantity\"]}}]"}}, {"model": "admin.logentry", "pk": 13, "fields": {"action_time": "2022-06-29T14:46:01.091Z", "user": 1, "content_type": 15, "object_id": "7", "object_repr": "73AF484345B24524B545C64EFFD724CC", "action_flag": 2, "change_message": "[{\"changed\": {\"name\": \"order line item\", \"object\": \"SKU 2 on order 73AF484345B24524B545C64EFFD724CC\", \"fields\": [\"Service\", \"Quantity\"]}}]"}}, {"model": "admin.logentry", "pk": 14, "fields": {"action_time": "2022-06-29T14:46:41.012Z", "user": 1, "content_type": 15, "object_id": "7", "object_repr": "73AF484345B24524B545C64EFFD724CC", "action_flag": 2, "change_message": "[{\"deleted\": {\"name\": \"order line item\", \"object\": \"SKU 2 on order 73AF484345B24524B545C64EFFD724CC\"}}]"}}, {"model": "admin.logentry", "pk": 15, "fields": {"action_time": "2022-06-29T14:48:32.566Z", "user": 1, "content_type": 15, "object_id": "7", "object_repr": "73AF484345B24524B545C64EFFD724CC", "action_flag": 2, "change_message": "[{\"added\": {\"name\": \"order line item\", \"object\": \"SKU 1 on order 73AF484345B24524B545C64EFFD724CC\"}}]"}}, {"model": "admin.logentry", "pk": 16, "fields": {"action_time": "2022-06-29T14:48:42.532Z", "user": 1, "content_type": 15, "object_id": "7", "object_repr": "73AF484345B24524B545C64EFFD724CC", "action_flag": 2, "change_message": "[{\"changed\": {\"name\": \"order line item\", \"object\": \"SKU 1 on order 73AF484345B24524B545C64EFFD724CC\", \"fields\": [\"Quantity\"]}}]"}}, {"model": "admin.logentry", "pk": 17, "fields": {"action_time": "2022-06-29T14:48:56.934Z", "user": 1, "content_type": 15, "object_id": "7", "object_repr": "73AF484345B24524B545C64EFFD724CC", "action_flag": 2, "change_message": "[{\"changed\": {\"name\": \"order line item\", \"object\": \"SKU 1 on order 73AF484345B24524B545C64EFFD724CC\", \"fields\": [\"Quantity\"]}}]"}}, {"model": "admin.logentry", "pk": 18, "fields": {"action_time": "2022-06-29T16:28:54.988Z", "user": 1, "content_type": 15, "object_id": "21", "object_repr": "046E2F1DDDB94C0E97C1F0AB1FEA4944", "action_flag": 3, "change_message": ""}}, {"model": "admin.logentry", "pk": 19, "fields": {"action_time": "2022-06-29T16:28:54.990Z", "user": 1, "content_type": 15, "object_id": "20", "object_repr": "902CE31332C34DB5BD9C661AD252FCBF", "action_flag": 3, "change_message": ""}}, {"model": "admin.logentry", "pk": 20, "fields": {"action_time": "2022-06-29T16:28:54.991Z", "user": 1, "content_type": 15, "object_id": "19", "object_repr": "0827B5E84DBF498CB84770087DCDA5DF", "action_flag": 3, "change_message": ""}}, {"model": "admin.logentry", "pk": 21, "fields": {"action_time": "2022-06-29T16:28:54.993Z", "user": 1, "content_type": 15, "object_id": "18", "object_repr": "901BBDD57AAA437BAED5A02775A94BDB", "action_flag": 3, "change_message": ""}}, {"model": "admin.logentry", "pk": 22, "fields": {"action_time": "2022-06-29T16:28:54.994Z", "user": 1, "content_type": 15, "object_id": "17", "object_repr": "B4936F8C5A284402ADD4BEF5B688BFB3", "action_flag": 3, "change_message": ""}}, {"model": "admin.logentry", "pk": 23, "fields": {"action_time": "2022-06-29T16:28:54.995Z", "user": 1, "content_type": 15, "object_id": "16", "object_repr": "EC8EAE29E5C749AFBE33BD695D90B6C8", "action_flag": 3, "change_message": ""}}, {"model": "admin.logentry", "pk": 24, "fields": {"action_time": "2022-06-29T16:28:54.996Z", "user": 1, "content_type": 15, "object_id": "15", "object_repr": "394641B1619A4E59A8EDE72488A4FEF6", "action_flag": 3, "change_message": ""}}, {"model": "admin.logentry", "pk": 25, "fields": {"action_time": "2022-06-29T16:28:54.997Z", "user": 1, "content_type": 15, "object_id": "14", "object_repr": "3D1B05C2AAF54BA1AACE34DB1EB79BE5", "action_flag": 3, "change_message": ""}}, {"model": "admin.logentry", "pk": 26, "fields": {"action_time": "2022-06-29T16:28:54.998Z", "user": 1, "content_type": 15, "object_id": "13", "object_repr": "15F454EB9C0E4FFA8D0B3D629CB7A2CC", "action_flag": 3, "change_message": ""}}, {"model": "admin.logentry", "pk": 27, "fields": {"action_time": "2022-06-29T16:28:55.000Z", "user": 1, "content_type": 15, "object_id": "12", "object_repr": "7E4C6C2CF6EF482680698C9CB3D10991", "action_flag": 3, "change_message": ""}}, {"model": "admin.logentry", "pk": 28, "fields": {"action_time": "2022-06-29T16:28:55.001Z", "user": 1, "content_type": 15, "object_id": "11", "object_repr": "AF58479DD53148A98D623061BB1D4958", "action_flag": 3, "change_message": ""}}, {"model": "admin.logentry", "pk": 29, "fields": {"action_time": "2022-06-29T16:28:55.002Z", "user": 1, "content_type": 15, "object_id": "10", "object_repr": "9304B81C78F84ED6919474A368AC13BE", "action_flag": 3, "change_message": ""}}, {"model": "admin.logentry", "pk": 30, "fields": {"action_time": "2022-06-29T16:28:55.004Z", "user": 1, "content_type": 15, "object_id": "9", "object_repr": "2AB75BA88363444E8EA1273914FC90CB", "action_flag": 3, "change_message": ""}}, {"model": "admin.logentry", "pk": 31, "fields": {"action_time": "2022-06-29T16:28:55.005Z", "user": 1, "content_type": 15, "object_id": "8", "object_repr": "DA66E491C290485F92C6DE3CECB9EBC3", "action_flag": 3, "change_message": ""}}, {"model": "admin.logentry", "pk": 32, "fields": {"action_time": "2022-06-29T16:28:55.006Z", "user": 1, "content_type": 15, "object_id": "7", "object_repr": "73AF484345B24524B545C64EFFD724CC", "action_flag": 3, "change_message": ""}}, {"model": "admin.logentry", "pk": 33, "fields": {"action_time": "2022-06-29T16:28:55.007Z", "user": 1, "content_type": 15, "object_id": "6", "object_repr": "910D2E42B021469A8C57E36D929AD0FA", "action_flag": 3, "change_message": ""}}, {"model": "admin.logentry", "pk": 34, "fields": {"action_time": "2022-06-29T16:28:55.008Z", "user": 1, "content_type": 15, "object_id": "5", "object_repr": "D390C68AB691441E8B032621B3389555", "action_flag": 3, "change_message": ""}}, {"model": "admin.logentry", "pk": 35, "fields": {"action_time": "2022-06-29T16:28:55.010Z", "user": 1, "content_type": 15, "object_id": "4", "object_repr": "B22EF32325E14A92B9045206A35304D8", "action_flag": 3, "change_message": ""}}, {"model": "admin.logentry", "pk": 36, "fields": {"action_time": "2022-06-29T16:28:55.011Z", "user": 1, "content_type": 15, "object_id": "3", "object_repr": "E953675065A042D09BCCE12B45D3E0A3", "action_flag": 3, "change_message": ""}}, {"model": "admin.logentry", "pk": 37, "fields": {"action_time": "2022-06-29T16:28:55.012Z", "user": 1, "content_type": 15, "object_id": "2", "object_repr": "F77EBE3D7DA44FF39564A6622F8BA23F", "action_flag": 3, "change_message": ""}}, {"model": "admin.logentry", "pk": 38, "fields": {"action_time": "2022-06-29T16:28:55.013Z", "user": 1, "content_type": 15, "object_id": "1", "object_repr": "9EDF0D1097D04F8AA21E8E4620BC3E24", "action_flag": 3, "change_message": ""}}, {"model": "auth.user", "pk": 1, "fields": {"password": "pbkdf2_sha256$260000$kxifA2nsIkvPKy2oRYgBON$n4xxeYMCohTASJQlG5ADD/Sh6z7zZ0ll46Vwl79d6mM=", "last_login": "2022-07-01T13:36:43.296Z", "is_superuser": true, "username": "olly", "first_name": "", "last_name": "", "email": "ollylomax@yahoo.com", "is_staff": true, "is_active": true, "date_joined": "2022-06-19T13:59:19.122Z", "groups": [], "user_permissions": []}}, {"model": "auth.user", "pk": 2, "fields": {"password": "pbkdf2_sha256$260000$QGeiYExuDba2eZTKzsP4o9$Ts9xAjJb4snDvPP43UiHhkV6zqK6NsLFJh/Agu5ZmzY=", "last_login": "2022-07-01T13:41:54.203Z", "is_superuser": false, "username": "guss", "first_name": "", "last_name": "", "email": "gus@gus.com", "is_staff": false, "is_active": true, "date_joined": "2022-07-01T13:38:30.566Z", "groups": [], "user_permissions": []}}, {"model": "sessions.session", "pk": "05p7m76vmrmulm3iph24lsxhphirsiwm", "fields": {"session_data": ".eJxVTssKgzAQ_Jc9iyQxJppj7_2GsMmu1bZoMQot4r83ghdPM8yL2cAnTmmYRs_fzzD_wIkCPK5L79fEsx8IHEi4aAHji8fDoCeOj6mM07jMQyiPSHm6qbxPxO_bmb0M9Jj63LaBVF1boSJiI2zQikTVSSalG9FEazJDCmylaalSVFndtcxIteGqM3UejTgv4Lb80CmRn2twUhegMoh9_wMrsEZ9:1o3aY2:tJQzckEpqAgpIAEuvpK4ENwwZczkpVa1JVUDBE_GuAE", "expire_date": "2022-07-05T09:51:50.340Z"}}, {"model": "sessions.session", "pk": "0q1kwnmxkdybvy0bpbqog6xeq9bqx1s5", "fields": {"session_data": "e30:1o6yyr:CJZm0yB2YHHZYUnoQ-HoOgZNkztVRgz81kiWA8IRaKA", "expire_date": "2022-07-14T18:33:33.523Z"}}, {"model": "sessions.session", "pk": "10j8rsqydi93vfcfaacf7m3k8qfgx35j", "fields": {"session_data": "eyJjYXJ0Ijp7IjEiOjUwLCIzIjoxMCwiMiI6MzEwfX0:1o3bjw:s6TpfZD93j-vis_XB1i0P-AwAcrj9PVugdicCJi-pQQ", "expire_date": "2022-07-05T11:08:12.357Z"}}, {"model": "sessions.session", "pk": "1ghkmh0miplyyagohjcfkof3agsrtep2", "fields": {"session_data": "e30:1o6zBL:u0p-cjN5quIxH-OuOrhyHEm65WnGhY3zc0kYk7iXWzs", "expire_date": "2022-07-14T18:46:27.927Z"}}, {"model": "sessions.session", "pk": "674d43u2zpkg5j1rxm1pqcr1w2t7rytd", "fields": {"session_data": "e30:1o6zEm:Bxv-FanUsK2DCgfMHNADGavmTSTNd1t4vyrw5NyI5hI", "expire_date": "2022-07-14T18:50:00.947Z"}}, {"model": "sessions.session", "pk": "98ar8o8rs1ivog8i9m4s8rzd09hdfix8", "fields": {"session_data": "e30:1o6xol:deFv720UYPQ6xnCiNYCKeklI5EfAoiJaxMe1BGqXSI4", "expire_date": "2022-07-14T17:19:03.399Z"}}, {"model": "sessions.session", "pk": "ayjly6a5ylqsky1wxe1r99l6of93kiq0", "fields": {"session_data": "e30:1o6z0D:5bU4smCMVoAwjck1RLf5jnUDL5wJIEXUacv0TJylW88", "expire_date": "2022-07-14T18:34:57.897Z"}}, {"model": "sessions.session", "pk": "bx67qqq5ojp1oh6idoes80a4u64eraon", "fields": {"session_data": "eyJjYXJ0Ijp7IjIiOjI1fX0:1o3bBP:heyws9q7iJJlZGRwRjhoPzq3bh-rHP6NFA_TEeqgZrY", "expire_date": "2022-07-05T10:32:31.500Z"}}, {"model": "sessions.session", "pk": "bzzukewak27q1xgs92d5a1rbb05ockh2", "fields": {"session_data": "e30:1o7HmO:IYuNi4cpkL0O0M2dpQ5LItmgK07W27i53cRt_vcajxM", "expire_date": "2022-07-15T14:37:56.159Z"}}, {"model": "sessions.session", "pk": "crdx7isnsefz09aza6uak4v3jypd561y", "fields": {"session_data": ".eJxVjr0OgzAQg98lcxWF_MPYvc-ALrlLQ1uBRMKEePcGiaHdLPuz5Z2NsNU8boXWcUI2sI7dfr0A8U3zGeAL5ufC4zLXdQr8RPiVFv5YkD73i_0byFBya7uA0hgnZATwwgUtUajUEUrthY_ONgUYyHW2RyVROZ16IkBjSSVr2miEtbJhbw8HJY7jC4nJPJE:1o40uN:1k2jTGwGABDsFB2NGWuScDcbLW44KTPwP03AL3OgWtg", "expire_date": "2022-07-06T14:00:39.492Z"}}, {"model": "sessions.session", "pk": "eagxv1ci05vw32cfrqfskpbm8z0uoe7p", "fields": {"session_data": "eyJzYXZlX2luZm8iOmZhbHNlfQ:1o6a7v:fRZBxktstmGn7z_J0AnnUufYixWtOBv5yMen2YHX-0g", "expire_date": "2022-07-13T16:01:15.789Z"}}, {"model": "sessions.session", "pk": "eynxghtcn4ir5l3x3syq0bzm2nbtez4k", "fields": {"session_data": ".eJxVjr0OgzAQg9_lZhTlBxLI2L3PgC65S6GtQArQBfHuDRILm2V_trzDgj_uxynN4Ne8cQU9buvQbwvnfiTwoODmBYwfns6A3ji9ZhHnac1jECcirnQRz5n4-7jY28CAy1DaLpBuGid1RGylC7UmaZJi0nUr2-hsUUiBnbIdGU3G1aljRmosm2SbMhoxr-D38tAbWYEBr-Rx_AETqEPz:1o7KRg:IB3OmEN1we7aORB6an9XbkDS5OKkQc4uNlCbUfT_dnk", "expire_date": "2022-07-15T17:28:44.795Z"}}, {"model": "sessions.session", "pk": "qj0wbswl124mv18rekdcywmm0ddvmtr6", "fields": {"session_data": ".eJxVjDsOgzAQRO-yNbLM-gcu03MGtPYugSQCiU-FuHtAoqEbzXszO2SaV4g7WIioC0CIXh8FtLStfbstMrcDQ4QSHl2i_JXxAvyh8T2pPI3rPCR1Keqmi2omlt_rdh8HPS39uQ6J0bmgMRNVOiSLrE1XCqOtdJWDPxNxklD6mg2yCbarRYidF9N5B8cf9cM91Q:1o3gzd:nvGOe672YBbn32ORb84CYuyUbVLVyRWmQI6o3NsW9Us", "expire_date": "2022-07-05T16:44:45.421Z"}}, {"model": "sessions.session", "pk": "r2hipardmax7ij4rgykn1cyyalo4tib1", "fields": {"session_data": "eyJjYXJ0Ijp7IjIiOjEwfX0:1o6Ved:MQio_gSNeUbQsyglvB4DdUIGxGHQKZPuTTzESu1_lWE", "expire_date": "2022-07-13T11:14:43.587Z"}}, {"model": "sessions.session", "pk": "r37jrb7jtityxslyzkr6822d6o7ljgeo", "fields": {"session_data": "e30:1o6ywI:GjZoKHjZ-90hz23KOOrEgKKMaFnaKEtW49ngKFwoovM", "expire_date": "2022-07-14T18:30:54.212Z"}}, {"model": "sessions.session", "pk": "s6yruykqtglpwn159fy7g3f13fol3i7t", "fields": {"session_data": ".eJxVj01ugzAQha9izdpFxmBMvKy67QlCZBl7CE4IrmxAraLcvUZi0e5G7-fTvCdosy6jXhNG7R0oKIH-1Xpj7zjvhruZ-RoKG-Yl-r7YI8XhpuIzOJzej-w_wGjSmNuyd1wIybg1pmWyr7lj1VCi43XLWiubfBnXoyybk6u4q2Q9nBCNEw1WQyN2aMKUfJg1fn_5-AOKUUhmQ-3nIYBa4ooUrIkLqCcIUJy9cumRS-aKKf9wPneg9S1lxKF2QAmjhAtKOvjACZfMJ2m1NvvDOpE3kjds3iKJ-Agbug4uF3j9AoPUZz0:1o7Flj:PV3crGghJxXp6fbPLc_dKGfAwmCsJ2-sXuzNfLpufKY", "expire_date": "2022-07-15T12:29:07.492Z"}}, {"model": "sessions.session", "pk": "t2masfnuiskt9yxgcwo37pi2aupy1vty", "fields": {"session_data": ".eJxVjLsOgzAMRf_FM4pCnpCxO9-AnNgU2gokAhPi3xskFiZf33PsAxKuG4QDFASrZQU1hGuYssqzgh73bez3zGs_EYSCH13E9OX5AvTB-b2ItMzbOkVxKeKmWXQL8e91u48HI-axXPtIylovVUJspI9GkdRDzaRMI5vkXUlIkX3tWtKKtDdDy4xkHevBWTj_IUM_SA:1o3ekL:Uc3ZkH5SvD1AqoI3wnLM4rfl6KE8Q-UQILMEniTFOiM", "expire_date": "2022-07-05T14:20:49.039Z"}}, {"model": "sessions.session", "pk": "xopt80wolmx989vka0snp2j6q1wi7asv", "fields": {"session_data": ".eJxVjLkOgzAQRP9l68jygQ8o0-cbrLV3iUkikDgqxL_HSDR0ozdvZoeM8wrdDgo6JY8HRNzWEreF5zgQdJXfWML85fEs6IPjexJ5Gtd5SOJUxNUu4jUR_56XezsouJS69om0tV7qjBikT40maXrFpJsgQ_auJqTEXrmWjCbjm75lRrKOTe8sHH_4ajyP:1o6Vqp:-ukd7y63xOIEb9xI94KqDKsbzt1OKFySWQr6ncnnk6U", "expire_date": "2022-07-13T11:27:19.058Z"}}, {"model": "sessions.session", "pk": "yujo9soi8xxqpnwgupevz8nixselwlpz", "fields": {"session_data": ".eJxVjMEOgyAQRP9lzw1BEFCPvfsNZGGXattAItpL03-vJl68Tea9mS9U_LCfcyowrMvGN_C4rZPfKi9-JhiggUsXML44H4CemB9FxJLXZQ7iUMRJqxgL8ft-upeDCeu0r10gZYyTKiJ20oVWkdSpYVJtJ7vo7J6QArvG9qQVademnhnJWNbJGvj9ATg1Plc:1o6Zt8:vLggrpqIygpCiddKcidrg6acpY8ThlxsNWfTCYlmUNk", "expire_date": "2022-07-13T15:45:58.357Z"}}, {"model": "sessions.session", "pk": "z5iiqtbo0qxrni85jwin2hengelcqrfw", "fields": {"session_data": "eyJjYXJ0Ijp7IjIiOjE1MCwiMSI6MTQwLCI0IjoxMH19:1o3dvI:BMoWlyuZKq_RgkTaTnSBi2VKa3YUocdUb060JznEHto", "expire_date": "2022-07-05T13:28:04.735Z"}}, {"model": "sites.site", "pk": 1, "fields": {"domain": "venturepress.example.com", "name": "Venture Press"}}, {"model": "account.emailaddress", "pk": 1, "fields": {"user": 1, "email": "ollylomax@yahoo.com", "verified": true, "primary": true}}, {"model": "account.emailaddress", "pk": 2, "fields": {"user": 2, "email": "gus@gus.com", "verified": true, "primary": true}}, {"model": "services.category", "pk": 1, "fields": {"name": "stationery", "friendly_name": "Stationery"}}, {"model": "services.category", "pk": 2, "fields": {"name": "advertising", "friendly_name": "Advertising"}}, {"model": "services.category", "pk": 3, "fields": {"name": "textiles", "friendly_name": "Textiles"}}, {"model": "services.service", "pk": 1, "fields": {"category": 1, "sku": "1", "name": "Letterheads", "description": "Maintaining consistency in your brand is important for your client communication. We can deliver the high quality your clients have come to trust and expect from your business.", "price": "0.44", "image": "letterheads.jpg", "paper_size": "A4"}}, {"model": "services.service", "pk": 2, "fields": {"category": 1, "sku": "2", "name": "Business Cards", "description": "We understand that business cards are the first opportunity to showcase your brand. That’s why we print in multiple sizes, and a range of finishes to help you give the best first impression to your new clients.", "price": "1.67", "image": "businesscards.jpg", "paper_size": "A6"}}, {"model": "services.service", "pk": 3, "fields": {"category": 1, "sku": "3", "name": "Compliment Slips", "description": "Maintaining consistency in your brand is important for your client communication. We can deliver the high quality your clients have come to trust and expect from your business.", "price": "0.71", "image": "compslips.jpg", "paper_size": "A5"}}, {"model": "services.service", "pk": 4, "fields": {"category": 2, "sku": "4", "name": "Testing", "description": "testinghjdbhd", "price": "55.00", "image": "", "paper_size": "A4"}}, {"model": "checkout.order", "pk": 22, "fields": {"order_number": "33E09C191ACC4DA480AC4A48F7159016", "user_profile": null, "date": "2022-06-29T16:32:27.425Z", "full_name": "sfsfsfsdf fsdfsfsdf", "email": "fsfsfsdfsdfewioujfilhkskjbvxj@hufigsbdfjsjfkhsdjkfooo.com", "phone_number": "4324", "address_line1": "fsdfsd", "address_line2": null, "city": "fsfdsf", "county": null, "postcode": "fdsfsdf", "country": "United Kingdom", "delivery_cost": "3.44", "order_total": "4.40", "grand_total": "7.84", "cart_instance": "", "payment_id": ""}}, {"model": "checkout.order", "pk": 23, "fields": {"order_number": "9BDBAC3C96B541F69F6FCA83D54568D3", "user_profile": null, "date": "2022-06-29T16:36:25.713Z", "full_name": "sfsfsfsdf fsdfsfsdf", "email": "fsfsfsdfsdfewioujfilhkskjbvxj@hufigsbdfjsjfkhsdjkfooo.com", "phone_number": "3434", "address_line1": "fsdfsd", "address_line2": null, "city": "fsfdsf", "county": null, "postcode": "fdsfsdf", "country": "United Kingdom", "delivery_cost": "0.00", "order_total": "50.10", "grand_total": "50.10", "cart_instance": "", "payment_id": ""}}, {"model": "checkout.order", "pk": 24, "fields": {"order_number": "BFA5A009BCE74CFE817D513BE9D28012", "user_profile": null, "date": "2022-06-29T21:09:00.790Z", "full_name": "sfsfsfsdf fsdfsfsdf", "email": "fsfsfsdfsdfewioujfilhkskjbvxj@hufigsbdfjsjfkhsdjkfooo.com", "phone_number": "32323", "address_line1": "fsdfsd", "address_line2": null, "city": "fsfdsf", "county": null, "postcode": "fdsfsdf", "country": "GB", "delivery_cost": "4.67", "order_total": "16.70", "grand_total": "21.37", "cart_instance": "", "payment_id": ""}}, {"model": "checkout.order", "pk": 25, "fields": {"order_number": "BF51B6071EFC468E86C3758767C451EC", "user_profile": null, "date": "2022-06-29T21:16:11.955Z", "full_name": "sfsfsfsdf fsdfsfsdf", "email": "fsfsfsdfsdfewioujfilhkskjbvxj@hufigsbdfjsjfkhsdjkfooo.com", "phone_number": "424234", "address_line1": "fsdfsd", "address_line2": null, "city": "fsfdsf", "county": null, "postcode": "fdsfsdf", "country": "GB", "delivery_cost": "5.20", "order_total": "22.00", "grand_total": "27.20", "cart_instance": "", "payment_id": ""}}, {"model": "checkout.order", "pk": 26, "fields": {"order_number": "5CE8D456185F455E936E2F5969FE30BD", "user_profile": null, "date": "2022-06-30T08:02:14.172Z", "full_name": "sfsfsfsdf fsdfsfsdf", "email": "fsfsfsdfsdfewioujfilhkskjbvxj@hufigsbdfjsjfkhsdjkfooo.com", "phone_number": "4324234", "address_line1": "fsdfsd", "address_line2": null, "city": "fsfdsf", "county": null, "postcode": "fdsfsdf", "country": "GB", "delivery_cost": "0.00", "order_total": "50.10", "grand_total": "50.10", "cart_instance": "", "payment_id": ""}}, {"model": "checkout.order", "pk": 27, "fields": {"order_number": "6663F083F33F43389CF302A81671189F", "user_profile": null, "date": "2022-06-30T09:38:11.803Z", "full_name": "sfsfsfsdf fsdfsfsdf", "email": "fsfsfsdfsdfewioujfilhkskjbvxj@hufigsbdfjsjfkhsdjkfooo.com", "phone_number": "34234", "address_line1": "fsdfsd", "address_line2": null, "city": "fsfdsf", "county": null, "postcode": "fdsfsdf", "country": "GB", "delivery_cost": "5.84", "order_total": "28.40", "grand_total": "34.24", "cart_instance": "{\"3\": 40}", "payment_id": "pi_3LGJocEP7csthQn01ZKzFoHH"}}, {"model": "checkout.order", "pk": 28, "fields": {"order_number": "FCB04741C122485DA1F2AEF1EBB2B5DA", "user_profile": null, "date": "2022-06-30T09:42:06.733Z", "full_name": "webhook test1", "email": "fsfsfsdfsdfewioujfilhkskjbvxj@hufigsbdfjsjfkhsdjkfooo.com", "phone_number": "342424", "address_line1": "fsdfsd", "address_line2": null, "city": "fsfdsf", "county": null, "postcode": "fdsfsdf", "country": "GB", "delivery_cost": "4.76", "order_total": "17.60", "grand_total": "22.36", "cart_instance": "{\"1\": 40}", "payment_id": "pi_3LGJsUEP7csthQn00T3jn6qe"}}, {"model": "checkout.order", "pk": 29, "fields": {"order_number": "BF14F0BC57F24C4281A63878BAA5CB41", "user_profile": null, "date": "2022-06-30T09:43:56.826Z", "full_name": "webhook test2", "email": "fsfsfsdfsdfewioujfilhkskjbvxj@hufigsbdfjsjfkhsdjkfooo.com", "phone_number": "4234", "address_line1": "fsdfsd", "address_line2": null, "city": "fsfdsf", "county": null, "postcode": "fdsfsdf", "country": "GB", "delivery_cost": "0.00", "order_total": "50.10", "grand_total": "50.10", "cart_instance": "{\"2\": 30}", "payment_id": "pi_3LGJuIEP7csthQn00wyJid6e"}}, {"model": "checkout.order", "pk": 30, "fields": {"order_number": "962C6962E09A4998A4F280B92E4EC474", "user_profile": null, "date": "2022-06-30T13:05:31.456Z", "full_name": "sfsfsfsdf fsdfsfsdf", "email": "fsfsfsdfsdfewioujfilhkskjbvxj@hufigsbdfjsjfkhsdjkfooo.com", "phone_number": "4234234", "address_line1": "fsdfsd", "address_line2": null, "city": "fsfdsf", "county": null, "postcode": "fdsfsdf", "country": "GB", "delivery_cost": "0.00", "order_total": "50.10", "grand_total": "50.10", "cart_instance": "{\"2\": 30}", "payment_id": "pi_3LGN2zEP7csthQn005XEmPUG"}}, {"model": "checkout.order", "pk": 31, "fields": {"order_number": "4BFD0ED8541B402497EE41F5FD7986A5", "user_profile": null, "date": "2022-06-30T20:17:48.882Z", "full_name": "sfsfsfsdf fsdfsfsdf", "email": "fsfsfsdfsdfewioujfilhkskjbvxj@hufigsbdfjsjfkhsdjkfooo.com", "phone_number": "42342", "address_line1": "fsdfsd", "address_line2": null, "city": "fsfdsf", "county": null, "postcode": "fdsfsdf", "country": "GB", "delivery_cost": "0.00", "order_total": "50.10", "grand_total": "50.10", "cart_instance": "{\"2\": 30}", "payment_id": "pi_3LGTnmEP7csthQn01bR2PxBL"}}, {"model": "checkout.order", "pk": 32, "fields": {"order_number": "88B43A6D6F55410D9DC4188428253108", "user_profile": null, "date": "2022-06-30T20:36:23.929Z", "full_name": "sfsfsfsdf fsdfsfsdf", "email": "fsfsfsdfsdfewioujfilhkskjbvxj@hufigsbdfjsjfkhsdjkfooo.com", "phone_number": "4234", "address_line1": "fsdfsd", "address_line2": null, "city": "fsfdsf", "county": null, "postcode": "fdsfsdf", "country": "GB", "delivery_cost": "0.00", "order_total": "100.20", "grand_total": "100.20", "cart_instance": "{\"2\": 60}", "payment_id": "pi_3LGU5eEP7csthQn01SXe7NEQ"}}, {"model": "checkout.order", "pk": 33, "fields": {"order_number": "810D06D4A60E4B40817B92B6A11ED960", "user_profile": 1, "date": "2022-06-30T20:53:40.655Z", "full_name": "sfsfsfsdf fsdfsfsdf", "email": "fsfsfsdfsdfewioujfilhkskjbvxj@hufigsbdfjsjfkhsdjkfooo.com", "phone_number": "535345", "address_line1": "fsdfsd", "address_line2": null, "city": "fsfdsf", "county": null, "postcode": "fdsfsdf", "country": "GB", "delivery_cost": "0.00", "order_total": "50.10", "grand_total": "50.10", "cart_instance": "{\"2\": 30}", "payment_id": "pi_3LGUMaEP7csthQn01Ozusfty"}}, {"model": "checkout.order", "pk": 34, "fields": {"order_number": "6163E19DC67341AE94D84CA6C3EFB026", "user_profile": 1, "date": "2022-07-01T09:12:44.468Z", "full_name": "dsfsfsdf", "email": "ollylomax@yahoo.com", "phone_number": "535345", "address_line1": "fsdfsd", "address_line2": null, "city": "fsfdsf", "county": null, "postcode": "fdsfsdf", "country": "GB", "delivery_cost": "0.00", "order_total": "50.10", "grand_total": "50.10", "cart_instance": "{\"2\": 30}", "payment_id": "pi_3LGftiEP7csthQn00cQZDl5U"}}, {"model": "checkout.order", "pk": 35, "fields": {"order_number": "8C1ABD475A654E2F8B451537EECC031A", "user_profile": null, "date": "2022-07-01T09:14:01.968Z", "full_name": "sfsfsfsdf fsdfsfsdf", "email": "fsfsfsdfsdfewioujfilhkskjbvxj@hufigsbdfjsjfkhsdjkfooo.com", "phone_number": "432434", "address_line1": "fsdfsd", "address_line2": null, "city": "fsfdsf", "county": null, "postcode": "fdsfsdf", "country": "GB", "delivery_cost": "4.76", "order_total": "17.60", "grand_total": "22.36", "cart_instance": "{\"1\": 40}", "payment_id": "pi_3LGfv1EP7csthQn01JoIBI5k"}}, {"model": "checkout.order", "pk": 36, "fields": {"order_number": "A96724FD6773427A896D796622D43A69", "user_profile": null, "date": "2022-07-01T09:36:20.332Z", "full_name": "hfhg", "email": "ollylomax@yahoo.com", "phone_number": "535345", "address_line1": "fsdfsd", "address_line2": null, "city": "fsfdsf", "county": null, "postcode": "fdsfsdf", "country": "GB", "delivery_cost": "7.97", "order_total": "49.70", "grand_total": "57.67", "cart_instance": "{\"3\": 70}", "payment_id": "pi_3LGgGcEP7csthQn01upiyXqe"}}, {"model": "checkout.order", "pk": 37, "fields": {"order_number": "A34C9CCF58F141D49076E188500E3D98", "user_profile": 1, "date": "2022-07-01T09:38:32.396Z", "full_name": "jgfghfvgh", "email": "ollylomax@yahoo.com", "phone_number": "535345", "address_line1": "fsdfsd", "address_line2": null, "city": "fsfdsf", "county": null, "postcode": "fdsfsdf", "country": "GB", "delivery_cost": "7.97", "order_total": "49.70", "grand_total": "57.67", "cart_instance": "{\"3\": 70}", "payment_id": "pi_3LGgIkEP7csthQn01e137zVt"}}, {"model": "checkout.order", "pk": 38, "fields": {"order_number": "D1D65867DA804AE0B773E65E12778B27", "user_profile": 1, "date": "2022-07-01T10:16:56.886Z", "full_name": "fgdfgdfg", "email": "ollylomax@yahoo.com", "phone_number": "535345", "address_line1": "fsdfsd", "address_line2": null, "city": "fsfdsf", "county": null, "postcode": "fdsfsdf", "country": "GB", "delivery_cost": "7.97", "order_total": "49.70", "grand_total": "57.67", "cart_instance": "{\"3\": 70}", "payment_id": "pi_3LGfxvEP7csthQn00VxNNvV2"}}, {"model": "checkout.order", "pk": 39, "fields": {"order_number": "4EB43ABC95484C63B591934B549EE0FB", "user_profile": 1, "date": "2022-07-01T10:17:26.703Z", "full_name": "jhghj", "email": "ollylomax@yahoo.com", "phone_number": "535345", "address_line1": "fsdfsd", "address_line2": null, "city": "fsfdsf", "county": null, "postcode": "fdsfsdf", "country": "GB", "delivery_cost": "7.97", "order_total": "49.70", "grand_total": "57.67", "cart_instance": "{\"3\": 70}", "payment_id": "pi_3LGguPEP7csthQn00vVCbSLA"}}, {"model": "checkout.order", "pk": 40, "fields": {"order_number": "8E14B315C0464370883B6E5481B9B42B", "user_profile": 1, "date": "2022-07-01T10:19:53.334Z", "full_name": "attempt2 public", "email": "ollylomax@yahoo.com", "phone_number": "535345", "address_line1": "fsdfsd", "address_line2": null, "city": "fsfdsf", "county": null, "postcode": "fdsfsdf", "country": "GB", "delivery_cost": "7.97", "order_total": "49.70", "grand_total": "57.67", "cart_instance": "{\"3\": 70}", "payment_id": "pi_3LGg0FEP7csthQn01t5tiBxZ"}}, {"model": "checkout.order", "pk": 41, "fields": {"order_number": "AA77CC3E9B2B45E589989D5F5635C65E", "user_profile": 1, "date": "2022-07-01T10:20:14.408Z", "full_name": "Olly", "email": "ollylomax@yahoo.com", "phone_number": "012847464343", "address_line1": "14 Harbour Way", "address_line2": "Harbour", "city": "Southwick", "county": "West Sussex", "postcode": "BN4567H", "country": "GB", "delivery_cost": "7.40", "order_total": "44.00", "grand_total": "51.40", "cart_instance": "{\"1\": 100}", "payment_id": "pi_3LGgwWEP7csthQn01uJ6mUr4"}}, {"model": "checkout.order", "pk": 42, "fields": {"order_number": "4E01B70527A44F23864C8195174B4D8D", "user_profile": 1, "date": "2022-07-01T10:22:54.398Z", "full_name": "dsfsdfsdf", "email": "ollylomax@yahoo.com", "phone_number": "535345", "address_line1": "fsdfsd", "address_line2": null, "city": "fsfdsf", "county": null, "postcode": "fdsfsdf", "country": "GB", "delivery_cost": "7.97", "order_total": "49.70", "grand_total": "57.67", "cart_instance": "{\"3\": 70}", "payment_id": "pi_3LGg4cEP7csthQn010rgxLgC"}}, {"model": "checkout.order", "pk": 43, "fields": {"order_number": "FE5ADD8F158F4342BA9216BFCF417BDA", "user_profile": 1, "date": "2022-07-01T10:26:08.507Z", "full_name": "dsfdsf", "email": "ollylomax@yahoo.com", "phone_number": "535345", "address_line1": "fsdfsd", "address_line2": null, "city": "fsfdsf", "county": null, "postcode": "fdsfsdf", "country": "GB", "delivery_cost": "7.97", "order_total": "49.70", "grand_total": "57.67", "cart_instance": "{\"3\": 70}", "payment_id": "pi_3LGg7oEP7csthQn00P1I3OpR"}}, {"model": "checkout.order", "pk": 44, "fields": {"order_number": "F05F5822FC4245A7B5A3AFCFA54E196B", "user_profile": 1, "date": "2022-07-01T10:33:57.624Z", "full_name": "fsdfsdfd", "email": "ollylomax@yahoo.com", "phone_number": "535345", "address_line1": "fsdfsd", "address_line2": null, "city": "fsfdsf", "county": null, "postcode": "fdsfsdf", "country": "GB", "delivery_cost": "7.97", "order_total": "49.70", "grand_total": "57.67", "cart_instance": "{\"3\": 70}", "payment_id": "pi_3LGgEEEP7csthQn01UFOouUy"}}, {"model": "checkout.orderlineitem", "pk": 23, "fields": {"order": 22, "service": 1, "quantity": 10, "lineitem_total": "4.40"}}, {"model": "checkout.orderlineitem", "pk": 24, "fields": {"order": 23, "service": 2, "quantity": 30, "lineitem_total": "50.10"}}, {"model": "checkout.orderlineitem", "pk": 25, "fields": {"order": 24, "service": 2, "quantity": 10, "lineitem_total": "16.70"}}, {"model": "checkout.orderlineitem", "pk": 26, "fields": {"order": 25, "service": 1, "quantity": 50, "lineitem_total": "22.00"}}, {"model": "checkout.orderlineitem", "pk": 27, "fields": {"order": 26, "service": 2, "quantity": 30, "lineitem_total": "50.10"}}, {"model": "checkout.orderlineitem", "pk": 28, "fields": {"order": 27, "service": 3, "quantity": 40, "lineitem_total": "28.40"}}, {"model": "checkout.orderlineitem", "pk": 29, "fields": {"order": 28, "service": 1, "quantity": 40, "lineitem_total": "17.60"}}, {"model": "checkout.orderlineitem", "pk": 30, "fields": {"order": 29, "service": 2, "quantity": 30, "lineitem_total": "50.10"}}, {"model": "checkout.orderlineitem", "pk": 31, "fields": {"order": 30, "service": 2, "quantity": 30, "lineitem_total": "50.10"}}, {"model": "checkout.orderlineitem", "pk": 32, "fields": {"order": 31, "service": 2, "quantity": 30, "lineitem_total": "50.10"}}, {"model": "checkout.orderlineitem", "pk": 33, "fields": {"order": 32, "service": 2, "quantity": 60, "lineitem_total": "100.20"}}, {"model": "checkout.orderlineitem", "pk": 34, "fields": {"order": 33, "service": 2, "quantity": 30, "lineitem_total": "50.10"}}, {"model": "checkout.orderlineitem", "pk": 35, "fields": {"order": 34, "service": 2, "quantity": 30, "lineitem_total": "50.10"}}, {"model": "checkout.orderlineitem", "pk": 36, "fields": {"order": 35, "service": 1, "quantity": 40, "lineitem_total": "17.60"}}, {"model": "checkout.orderlineitem", "pk": 37, "fields": {"order": 36, "service": 3, "quantity": 70, "lineitem_total": "49.70"}}, {"model": "checkout.orderlineitem", "pk": 38, "fields": {"order": 37, "service": 3, "quantity": 70, "lineitem_total": "49.70"}}, {"model": "checkout.orderlineitem", "pk": 39, "fields": {"order": 38, "service": 3, "quantity": 70, "lineitem_total": "49.70"}}, {"model": "checkout.orderlineitem", "pk": 40, "fields": {"order": 39, "service": 3, "quantity": 70, "lineitem_total": "49.70"}}, {"model": "checkout.orderlineitem", "pk": 41, "fields": {"order": 40, "service": 3, "quantity": 70, "lineitem_total": "49.70"}}, {"model": "checkout.orderlineitem", "pk": 42, "fields": {"order": 41, "service": 1, "quantity": 100, "lineitem_total": "44.00"}}, {"model": "checkout.orderlineitem", "pk": 43, "fields": {"order": 42, "service": 3, "quantity": 70, "lineitem_total": "49.70"}}, {"model": "checkout.orderlineitem", "pk": 44, "fields": {"order": 43, "service": 3, "quantity": 70, "lineitem_total": "49.70"}}, {"model": "checkout.orderlineitem", "pk": 45, "fields": {"order": 44, "service": 3, "quantity": 70, "lineitem_total": "49.70"}}, {"model": "accounts.userprofile", "pk": 1, "fields": {"user": 1, "default_address_line1": "14 Harbour Way", "default_address_line2": "Harbour", "default_city": "Southwick", "default_county": null, "default_postcode": "fdsfsdf", "default_country": "GB", "default_phone_number": "535345"}}, {"model": "accounts.userprofile", "pk": 2, "fields": {"user": 2, "default_address_line1": null, "default_address_line2": null, "default_city": null, "default_county": null, "default_postcode": null, "default_country": null, "default_phone_number": null}}]